question_id,level,module,section,question_text,required,condition_json,answer_type,allowed_values,default_value,target_files,target_fields,transform_hint,priority,notes
WS_DOMAIN,website,core,identity,Welche Domain/Projektname hat die Website? (z.B. example.com),yes,,text,,,01_project_config.csv,base_domain,upsert_kv,10,Wird als tenant_domain genutzt.
WS_BRAND_NAME,website,core,identity,Wie heißt die Brand / Firma (öffentlicher Name)?,yes,,text,,,01_project_config.csv,brand_name,upsert_kv,12,"Für Meta, Schema, Footer."
WS_BUSINESS_DESC,website,core,identity,Kurzbeschreibung (1 Satz): Was macht das Unternehmen?,yes,,text,,,01_project_config.csv,brand_description,upsert_kv,14,"Kein Marketing-Overkill, klar & präzise."
WS_PRIMARY_GOAL,website,core,goals,Primäres Ziel der Website?,yes,,single_select,leads|sales|demo|signup|calls|store|newsletter|downloads,leads,01_project_config.csv,primary_goal,upsert_kv,16,Steuert CTA-Logik in Blueprints.
WS_LANGUAGES,website,core,i18n,Welche Sprachen werden unterstützt?,yes,,multi_select,de|en|other,de,01_project_config.csv,languages,upsert_kv,18,Wenn 'other': später erweitern.
WS_REGIONS,website,core,i18n,"Welche Regionen/Länder sind relevant? (z.B. DE,AT,CH oder US,UK)",yes,,text,,default,01_project_config.csv,regions,upsert_kv,20,Optional; hilft bei Local/International Rules.
WS_URL_STRATEGY,website,international,i18n,Wie ist die URL-Struktur für Sprachen?,yes,"{""any"": [{""qid"": ""WS_LANGUAGES"", ""op"": ""contains"", ""value"": ""de""}, {""qid"": ""WS_LANGUAGES"", ""op"": ""contains"", ""value"": ""en""}], ""note"": ""Nur relevant bei DE+EN (oder >1 Sprache).""}",single_select,"subfolders (/de/,/en/)|subdomains (de.,en.)|separate_domains","subfolders (/de/,/en/)",01_project_config.csv,url_language_strategy,upsert_kv,30,Basis für hreflang/canonical checks.
WS_FORMALITY_DE,website,core,voice,Ansprache Deutsch?,yes,"{""qid"": ""WS_LANGUAGES"", ""op"": ""contains"", ""value"": ""de""}",single_select,du|sie,sie,01_project_config.csv,formality_de,upsert_kv,32,"Wenn DE nicht aktiv, ignorieren."
WS_FORMALITY_EN,website,core,voice,Ansprache Englisch? (informal/formal),yes,"{""qid"": ""WS_LANGUAGES"", ""op"": ""contains"", ""value"": ""en""}",single_select,informal|formal,informal,01_project_config.csv,formality_en,upsert_kv,34,Optional.
WS_TOV_ADJECTIVES,website,core,voice,"Tone of Voice: 3–7 Adjektive (z.B. klar, direkt, professionell).",yes,,text,,,02_brand_voice_rules.csv,rule_text,to_rule_rows,36,Dev: mappt zu mehreren Regeln/Tags.
WS_TOV_DO,website,core,voice,Tone of Voice DOs: Was soll unbedingt eingehalten werden? (Stichpunkte),yes,,text,,,02_brand_voice_rules.csv,rule_text,to_rule_rows,38,"z.B. konkret, Beispiele, kurze Sätze."
WS_TOV_DONT,website,core,voice,Tone of Voice DON'Ts: Was ist verboten? (Stichpunkte + Phrasen),yes,,text,,,02_brand_voice_rules.csv,rule_text,to_rule_rows,40,"z.B. 'revolutionär', 'garantiert', Floskeln."
WS_BANNED_CLAIMS,website,core,compliance,"Verbotene Claims/Behauptungen (z.B. Garantien, Nr.1, ohne Beleg).",yes,,text,,,02_brand_voice_rules.csv,rule_text,to_rule_rows,42,Wird als FAIL-Regel in anti_ai_tone/voice genutzt.
WS_OFFERS_LIST,website,core,offers,Welche Hauptleistungen/Produkte gibt es? (Liste),yes,,text,,,04_offer_catalog.csv,offer_name,to_offer_rows,50,Dev erzeugt offer_id automatisch oder du gibst es an.
WS_USPS,website,core,offers,USPs: Warum sollte man euch wählen? (3–10),yes,,text,,,04_offer_catalog.csv,short_promise|detailed_description,map_to_usps,52,Keine unbelegten Superlative.
WS_PROOF_ASSETS,website,core,proof,"Welche Proof Assets gibt es? (Referenzen, Case Studies, Logos, Zahlen nur echt)",yes,,text,,,04_offer_catalog.csv,proof_assets,split_comma,54,Optional aber sehr wertvoll.
WS_PRICING_NOTES,website,core,offers,Gibt es Preis-/Paketinfos oder Positionierung (Premium/Low-cost)?,yes,,text,,,04_offer_catalog.csv,pricing_notes,,56,Optional.
WS_PRIMARY_CTA,website,core,cta,Primärer CTA (Text) z.B. 'Beratung buchen' / 'Angebot anfragen',yes,,text,,,04_offer_catalog.csv,primary_cta,,58,Global default CTA.
WS_SECONDARY_CTA,website,core,cta,Sekundärer CTA (Text) z.B. 'Case Studies ansehen',yes,,text,,,04_offer_catalog.csv,secondary_cta,,60,Optional.
WS_COMPANY_LEGAL_NAME,website,schema,entities,"Rechtsname (für Impressum/Schema), falls abweichend von Brand.",yes,,text,,,03_entity_catalog.csv,name,,62,Optional.
WS_CONTACT_EMAIL,website,schema,entities,Kontakt-E-Mail,yes,,text,,,03_entity_catalog.csv,email,,64,Für Contact/Schema.
WS_CONTACT_PHONE,website,schema,entities,Telefonnummer (falls vorhanden),yes,,text,,,03_entity_catalog.csv,phone,,66,Optional.
WS_ADDRESS,website,schema,entities,"Adresse (Straße, PLZ, Stadt, Land) falls vorhanden",yes,,text,,,03_entity_catalog.csv,street|postal_code|city|country,parse_address,68,Für LocalBusiness/Organization.
WS_SOCIAL_URLS,website,schema,entities,Social/Profiles URLs (comma-separated),yes,,text,,,03_entity_catalog.csv,same_as_urls,split_comma,70,sameAs in Schema.
WS_LOGO_URL,website,schema,entities,Logo URL (öffentlich erreichbar),yes,,text,,,03_entity_catalog.csv,logo_url,,72,"Optional, aber hilfreich."
SEO_SEED_KEYWORDS,website,seo_setup,keywords,Seed Keywords (10–50) – comma-separated,yes,,text,,,08_semrush_keywords_import.csv,keyword,split_comma_to_rows,80,Dient als Start für Cluster.
SEO_COMPETITORS,website,seo_setup,research,Wettbewerber-URLs (3–10) – comma-separated,yes,,text,,,01_project_config.csv,competitor_urls,upsert_kv,82,Optional.
SEO_ALLOW_EXTERNAL_SOURCES,website,seo_setup,policies,Dürfen externe Quellen im Content verwendet werden?,yes,,single_select,yes|no,no,01_project_config.csv,allow_external_sources,upsert_kv,84,"Wenn ja, nutzt allowlist."
SEO_ALLOWED_SOURCES,website,seo_setup,policies,Wenn ja: erlaubte Source-Domains (comma-separated),yes,"{""qid"": ""SEO_ALLOW_EXTERNAL_SOURCES"", ""op"": ""eq"", ""value"": ""yes""}",text,,,01_project_config.csv,allowed_source_domains,upsert_kv,86,Optional allowlist.
SEO_SEMRUSH_IMPORT,website,seo_setup,imports,SEMrush CSV Import vorhanden? (Keywords/Pages),yes,,single_select,yes|no,yes,01_project_config.csv,semrush_import_available,upsert_kv,88,"Manuell hochladen, System importiert."
INTL_ENABLED,website,international,enable,International SEO aktiv? (Mehrere Sprachen/Regionen),yes,"{""any"": [{""qid"": ""WS_LANGUAGES"", ""op"": ""contains"", ""value"": ""en""}, {""qid"": ""WS_REGIONS"", ""op"": ""not_eq"", ""value"": ""default""}]}",single_select,yes|no,yes,01_project_config.csv,international_seo_enabled,upsert_kv,90,Steuert Aktivierung Pack.
INTL_TRANSLATION_STRATEGY,website,international,strategy,Übersetzung vs Lokalisierung: 1:1 übersetzen oder anpassen?,yes,"{""qid"": ""INTL_ENABLED"", ""op"": ""eq"", ""value"": ""yes""}",single_select,translate_1to1|localize|mixed,mixed,01_project_config.csv,translation_strategy,upsert_kv,92,Hilft beim Briefing.
INTL_TERMS_GLOSSARY,website,international,strategy,Gibt es ein Glossar/Terminologie pro Sprache?,yes,"{""qid"": ""INTL_ENABLED"", ""op"": ""eq"", ""value"": ""yes""}",single_select,yes|no,no,01_project_config.csv,has_glossary,upsert_kv,94,"Wenn ja, später glossary file."
INTL_HREFLANG_STRICT,website,international,tech,Hreflang strikt erzwingen (fehlende Paare = FAIL)?,yes,"{""qid"": ""INTL_ENABLED"", ""op"": ""eq"", ""value"": ""yes""}",single_select,yes|no,yes,01_project_config.csv,hreflang_strict,upsert_kv,96,Bindet an international_seo pack thresholds.
LOCAL_HAS_LOCATIONS,website,local,enable,Hat das Unternehmen physische Standorte?,yes,,single_select,yes|no,no,01_project_config.csv,has_locations,upsert_kv,100,"Wenn ja, Local SEO + Entities/NAP wichtig."
LOCAL_LOCATIONS_LIST,website,local,locations,Liste der Standorte (Name + Adresse + Phone),yes,"{""qid"": ""LOCAL_HAS_LOCATIONS"", ""op"": ""eq"", ""value"": ""yes""}",text,,,03_entity_catalog.csv,address|phone,to_location_entities,102,Dev mappt zu entity rows.
LOCAL_SERVICE_AREAS,website,local,locations,"Service Areas (Städte/Regionen), comma-separated",yes,"{""qid"": ""LOCAL_HAS_LOCATIONS"", ""op"": ""eq"", ""value"": ""yes""}",text,,,01_project_config.csv,service_areas,upsert_kv,104,Für Local Landing Planung.
LOCAL_GBP_URLS,website,local,locations,"Google Business Profile URL(s), comma-separated",yes,"{""qid"": ""LOCAL_HAS_LOCATIONS"", ""op"": ""eq"", ""value"": ""yes""}",text,,,01_project_config.csv,gbp_urls,upsert_kv,106,Optional.
LOCAL_LOCATION_PAGES,website,local,strategy,Sollen Location Pages erstellt werden? (Hub + Einzelpages),yes,"{""qid"": ""LOCAL_HAS_LOCATIONS"", ""op"": ""eq"", ""value"": ""yes""}",single_select,yes|no,yes,01_project_config.csv,use_location_pages,upsert_kv,108,Aktiviert local_landing page_type Plan.
ECOM_ENABLED,website,ecommerce,enable,Ist es ein Shop/Catalog (E-Commerce)?,yes,,single_select,yes|no,no,01_project_config.csv,is_ecommerce,upsert_kv,120,Aktiviert ecommerce option pack bei Product/Category.
ECOM_CURRENCY,website,ecommerce,settings,"Währung (z.B. EUR, USD)",yes,"{""qid"": ""ECOM_ENABLED"", ""op"": ""eq"", ""value"": ""yes""}",text,,EUR,01_project_config.csv,currency,upsert_kv,122,Für Product/Price Display.
ECOM_SHIPPING_RETURNS,website,ecommerce,settings,Shipping/Returns Kurzinfos (falls relevant),yes,"{""qid"": ""ECOM_ENABLED"", ""op"": ""eq"", ""value"": ""yes""}",text,,,01_project_config.csv,shipping_returns_notes,upsert_kv,124,Für trust & compliance.
PG_PAGE_ID,page,page_setup,identity,Page ID (eindeutig),yes,,text,,,11_pagespec.csv,page_id,,200,Naming: de_service_seo-beratung etc.
PG_PAGE_TYPE,page,page_setup,identity,Page Type?,yes,,single_select,homepage|about_page|contact_page|service_page|blog_guide|category_page|product_page|local_landing|faq_page|comparison_page|docs_page,service_page,11_pagespec.csv,page_type,,202,Steuert Blueprint + Rule activation.
PG_LANGUAGE,page,page_setup,identity,Sprache dieser Seite?,yes,,single_select,de|en,de,11_pagespec.csv,language,,204,Wenn Website multilingual: pro Seite setzen.
PG_REGION,page,page_setup,identity,Region dieser Seite (default oder Land/Market),yes,,text,,default,11_pagespec.csv,region,,206,Optional.
PG_TARGET_URL,page,page_setup,identity,"Ziel-URL (optional, falls schon geplant)",yes,,text,,,11_pagespec.csv,target_url,,208,Wenn leer: slug wird generiert.
PG_INTENT,page,page_setup,seo,Search Intent?,yes,,single_select,informational|commercial|transactional|navigational,commercial,11_pagespec.csv,intent,,210,Steuert CTA + Struktur.
PG_PRIMARY_KEYWORD,page,page_setup,seo,Primary Keyword,yes,,text,,,11_pagespec.csv,primary_keyword,,212,Pflicht für Content.
PG_SECONDARY_KEYWORDS,page,page_setup,seo,Secondary Keywords (comma-separated),yes,,text,,,11_pagespec.csv,secondary_keywords,split_comma,214,"Optional, aber empfohlen."
PG_CLUSTER_ID,page,page_setup,seo,Keyword Cluster ID (wenn vorhanden),yes,,text,,,10_page_map.csv;11_pagespec.csv,cluster_id;cluster_id,,216,Optional; für große Projekte sinnvoll.
PG_AUDIENCE,page,page_setup,audience,Zielgruppe (1 Satz),yes,,text,,,11_pagespec.csv,audience,,218,ICP/Persona kurz.
PG_AWARENESS_STAGE,page,page_setup,audience,Awareness Stage,yes,,single_select,unaware|problem_aware|solution_aware|product_aware|most_aware,solution_aware,11_pagespec.csv,awareness_stage,,220,Optional.
PG_OFFER_ID,page,page_setup,offer,Welche Leistung/Offer (offer_id) ist die Seite zugeordnet?,yes,,text,,,11_pagespec.csv,offer_id,,222,Bindet CTA/Proof an die Seite.
PG_USPS,page,page_setup,offer,Seiten-spezifische USPs (falls abweichend),yes,,text,,,11_pagespec.csv,usps,split_comma,224,Optional.
PG_PROOF,page,page_setup,proof,Seiten-spezifische Proof Assets (comma-separated),yes,,text,,,11_pagespec.csv,proof_assets,split_comma,226,Optional.
PG_PRIMARY_CTA,page,page_setup,cta,Primary CTA (überschreibt default),yes,,text,,,11_pagespec.csv,primary_cta,,228,Optional override.
PG_SECONDARY_CTA,page,page_setup,cta,Secondary CTA (override),yes,,text,,,11_pagespec.csv,secondary_cta,,230,Optional override.
PG_MUST_INCLUDE,page,page_setup,constraints,Must-Include Punkte (bullet list),yes,,text,,,11_pagespec.csv,must_include_points,split_lines,232,Optional; ideal für Perfektion.
PG_MUST_AVOID,page,page_setup,constraints,Must-Avoid Punkte (bullet list),yes,,text,,,11_pagespec.csv,must_avoid_points,split_lines,234,Optional.
PG_INTERNAL_LINK_TARGETS,page,page_setup,links,"Interne Link-Ziele (page_ids oder URLs), comma-separated",yes,,text,,,11_pagespec.csv,internal_links_out,split_comma,236,Optional; internal_linking pack kann Slots erzwingen.
PG_FAQ_QUESTIONS,page,page_setup,content,FAQ Fragen (comma-separated),yes,,text,,,11_pagespec.csv,faq_questions,split_comma,238,Optional; manche PageTypes erzwingen FAQ.
PG_SOURCE_URLS,page,page_setup,sources,Quellen/Material URLs (comma-separated),yes,"{""qid"": ""SEO_ALLOW_EXTERNAL_SOURCES"", ""op"": ""eq"", ""value"": ""yes""}",text,,,11_pagespec.csv,source_material_urls,split_comma,240,Nur wenn Quellen erlaubt.
PG_LOCAL_CITY,page,local,page_specific,Wenn local_landing: Stadt/Region,yes,"{""qid"": ""PG_PAGE_TYPE"", ""op"": ""eq"", ""value"": ""local_landing""}",text,,,11_pagespec.csv,city_relevance,,250,Optional field (dev mapping).
PG_ECOM_PRODUCT_ID,page,ecommerce,page_specific,Wenn product_page: Produkt-ID/SKU (falls vorhanden),yes,"{""qid"": ""PG_PAGE_TYPE"", ""op"": ""eq"", ""value"": ""product_page""}",text,,,11_pagespec.csv,product_id,,260,Optional mapping.
